-- phpMyAdmin SQL Dump
-- version 5.0.4
-- https://www.phpmyadmin.net/
--
-- Хост: localhost
-- Время создания: Дек 15 2020 г., 08:37
-- Версия сервера: 10.4.16-MariaDB
-- Версия PHP: 7.4.12

SET SQL_MODE = "NO_AUTO_VALUE_ON_ZERO";
START TRANSACTION;
SET time_zone = "+00:00";


/*!40101 SET @OLD_CHARACTER_SET_CLIENT=@@CHARACTER_SET_CLIENT */;
/*!40101 SET @OLD_CHARACTER_SET_RESULTS=@@CHARACTER_SET_RESULTS */;
/*!40101 SET @OLD_COLLATION_CONNECTION=@@COLLATION_CONNECTION */;
/*!40101 SET NAMES utf8mb4 */;

--
-- База данных: `registration_form`
--

-- --------------------------------------------------------

--
-- Структура таблицы `address`
--

CREATE TABLE `address` (
  `address_id` int(11) NOT NULL,
  `address_title` varchar(30) NOT NULL
) ENGINE=InnoDB DEFAULT CHARSET=utf8;

--
-- Дамп данных таблицы `address`
--

INSERT INTO `address` (`address_id`, `address_title`) VALUES
(1, 'Баргузинский район'),
(2, 'Баунтовский район'),
(3, 'Бичурский район'),
(4, 'Джидинский район'),
(5, 'Еравнинский район'),
(6, 'Заиграевский район'),
(7, 'Закаменский район'),
(8, 'Иволгинский район'),
(9, 'Кабанский район'),
(10, 'Кижингинский район'),
(11, 'Курумканский район'),
(12, 'Кяхтинский район'),
(13, 'Муйский район'),
(14, 'Мухоршибирский район'),
(15, 'Окинский район'),
(16, 'Прибайкальский район'),
(17, 'Северо-Байкальский район'),
(18, 'Селенгинский район'),
(19, 'Тарбагатайский район'),
(20, 'Тункинский район'),
(21, 'Хоринский район'),
(22, 'Улан-Удэ'),
(23, 'Северобайкальск');

-- --------------------------------------------------------

--
-- Структура таблицы `classroom`
--

CREATE TABLE `classroom` (
  `classroom_id` int(11) NOT NULL,
  `room` varchar(30) NOT NULL,
  `capacity` int(11) NOT NULL
) ENGINE=InnoDB DEFAULT CHARSET=utf8;

--
-- Дамп данных таблицы `classroom`
--

INSERT INTO `classroom` (`classroom_id`, `room`, `capacity`) VALUES
(1, '1205', 25),
(2, '1208', 30),
(3, '1209', 50),
(4, '1210', 20),
(5, '1211', 30),
(9, '1212', 30);

-- --------------------------------------------------------

--
-- Структура таблицы `olympiad`
--

CREATE TABLE `olympiad` (
  `olympiad_id` int(11) NOT NULL,
  `subject` varchar(20) NOT NULL,
  `description` text DEFAULT NULL,
  `date_start` datetime NOT NULL,
  `date_end` datetime NOT NULL
) ENGINE=InnoDB DEFAULT CHARSET=utf8;

--
-- Дамп данных таблицы `olympiad`
--

INSERT INTO `olympiad` (`olympiad_id`, `subject`, `description`, `date_start`, `date_end`) VALUES
(1, 'Математика', 'Олимпиада по математике для 11 класса. Начало 25 декабря в 11 часов в БГУ.', '2020-11-26 12:07:00', '2020-11-30 13:00:00'),
(2, 'Информатика', 'Олимпиада по информатике для 11 класса. Начало 30 декабря в 11 часов в БГУ.', '2020-11-26 13:07:00', '2020-12-05 22:20:00'),
(8, 'Физика', 'Олимпиада по физике для 11 класса. Начало в 20 декабря в 11 часов в БГУ.', '2020-11-26 05:54:00', '2020-11-11 00:00:00');

-- --------------------------------------------------------

--
-- Структура таблицы `olympiad_classroom`
--

CREATE TABLE `olympiad_classroom` (
  `olympiad_classroom_id` int(11) NOT NULL,
  `olympiad_id` int(11) NOT NULL,
  `classroom_id` int(11) NOT NULL
) ENGINE=InnoDB DEFAULT CHARSET=utf8;

--
-- Дамп данных таблицы `olympiad_classroom`
--

INSERT INTO `olympiad_classroom` (`olympiad_classroom_id`, `olympiad_id`, `classroom_id`) VALUES
(60, 8, 4),
(61, 8, 5),
(64, 1, 1),
(65, 1, 4),
(80, 2, 4);

-- --------------------------------------------------------

--
-- Структура таблицы `personal_data`
--

CREATE TABLE `personal_data` (
  `personal_data_id` int(11) NOT NULL,
  `user_id` int(11) NOT NULL,
  `family` varchar(50) DEFAULT NULL,
  `name` varchar(50) DEFAULT NULL,
  `patronymic` varchar(50) DEFAULT NULL,
  `address_id` int(11) DEFAULT NULL,
  `school_id` int(11) DEFAULT NULL,
  `class` int(11) DEFAULT NULL,
  `telephone` varchar(18) DEFAULT NULL
) ENGINE=InnoDB DEFAULT CHARSET=utf8;

--
-- Дамп данных таблицы `personal_data`
--

INSERT INTO `personal_data` (`personal_data_id`, `user_id`, `family`, `name`, `patronymic`, `address_id`, `school_id`, `class`, `telephone`) VALUES
(4, 3, 'Орлов', 'Егор', 'Сергеевич', 1, 1, 11, '+7 (914) 123 12 31'),
(6, 8, 'Щербаков', 'Александр', 'Юрьевич', 22, 349, 11, '+7 (123) 123 12 32'),
(8, 9, 'Мункоев', 'Александр', 'Анатольевич', 8, 121, 11, '+7 (123) 123 21 32'),
(9, 10, 'Бабудоржиев', 'Эрдэни', 'Доржиевич', 10, 165, 11, '+7 (132) 134 23 53'),
(10, 11, 'Токтохоев', 'Роман', 'Николаевич', 22, 265, 11, '+7 (435) 346 58 56'),
(11, 12, 'Брянский', 'Дмитрий', 'Александрович', 22, 265, 11, '+7 (647) 356 85 68'),
(12, 13, 'Будаев', 'Аюр', 'Дмитриевич', 1, 1, 11, '+7 (543) 543 54 35'),
(13, 14, 'Зенков', 'Святослав', 'Витальевич', 8, 121, 11, '+7 (123) 213 21 32'),
(14, 15, 'Зубакова', 'Ксения', 'Владимировна', 8, 121, 11, '+7 (543) 687 65 85'),
(15, 16, 'Найданов', 'Лев', 'Анатольевич', 22, 241, 11, '+7 (357) 547 56 89'),
(16, 17, 'Николаев', 'Аюша', 'Баирович', 22, 325, 11, '+7 (547) 342 34 32'),
(17, 18, 'Онгуда', 'Белла', 'Бижек-ооловна', 20, 293, 11, '+7 (543) 634 73 47'),
(18, 19, 'Раднаев', 'Арсалан', 'Агванович', 1, 1, 11, '+7 (658) 569 67 06'),
(19, 20, 'Турусов', 'Алексей', 'Николаевич', 22, 241, 11, '+7 (532) 523 53 26'),
(20, 21, 'Урбаев', 'Артем', 'Сергеевич', 8, 121, 11, '+7 (346) 457 54 75'),
(22, 2, 'Балданов', 'Зорикто', 'Бадмацыренович', 10, 166, 11, '+7 (345) 463 46 43');

-- --------------------------------------------------------

--
-- Структура таблицы `school`
--

CREATE TABLE `school` (
  `school_id` int(11) NOT NULL,
  `school_title` varchar(70) NOT NULL
) ENGINE=InnoDB DEFAULT CHARSET=utf8;

--
-- Дамп данных таблицы `school`
--

INSERT INTO `school` (`school_id`, `school_title`) VALUES
(1, 'МБОУ Баргузинская СОШ'),
(2, 'МБОУ Баянгольская СОШ'),
(3, 'МБОУ Сувинская СОШ'),
(4, 'МБОУ Улюнская СОШ имени Сахара Хамнаева'),
(5, 'МБОУ Усть-Баргузинская СОШ имени Шелковникова К.М.'),
(6, 'МБОУ Уринская СОШ'),
(7, 'МБОУ Хилганайская СОШ имени Э-Д Ринчино'),
(8, 'МБОУ Читканская СОШ'),
(9, 'МБОУ Юбилейная средняя СОШ'),
(10, 'МБОУ Гусихинская ООШ'),
(11, 'МБОУ Улюкчиканская ООШ'),
(12, 'МБОУ Адамовская ООШ'),
(13, 'МАОУ Багдаринская СОШ'),
(14, 'МБОУ Маловская СОШ'),
(15, 'МБОУ Северная СОШ'),
(16, 'МБОУ Витимская СОШ'),
(17, 'МБОУ Уакитская СОШ'),
(18, 'МБОУ Усть-Джилиндинская СОШ'),
(19, 'МБОУ Бичурская СОШ № 4 имени героя Советского Союза Соломенникова Е.И.'),
(20, 'МБОУ Бичурская СОШ № 5'),
(21, 'МБОУ Мало-Куналейская СОШ'),
(22, 'МБОУ Потанинская СОШ'),
(23, 'МБОУ Посельская СОШ'),
(24, 'МБОУ Окино-Ключевская СОШ'),
(25, 'МБОУ Киретская СОШ'),
(26, 'МБОУ Еланская СОШ'),
(27, 'МБОУ Билютайская СОШ'),
(28, 'МБОУ Гочитская СОШ'),
(29, 'МБОУ Верхне Мангиртуйская ООШ'),
(30, 'Бичурская СОШ №2'),
(31, 'МБОУ Алцакская ООШ'),
(32, 'МБОУ Армакская СОШ'),
(33, 'МБОУ Белоозерская СОШ'),
(34, 'МБОУ Боргойская ООШ'),
(35, 'МБОУ Боцинская СОШ'),
(36, 'МБОУ Больше-Нарынская СОШ'),
(37, 'МБОУ Булыкская СОШ'),
(38, 'МБОУ Верхне-Ичетуйская СОШ'),
(39, 'МБОУ Верхне-Торейская имени Найдан Гедуновой СОШ'),
(40, 'МБОУ Гэгэтуйская СОШ'),
(41, 'МБОУ Джидинская СОШ'),
(42, 'МБОУ Дырестуйская СОШ'),
(43, 'МБОУ Енхорская СОШ'),
(44, 'МБОУ Инзагатуйская СОШ'),
(45, 'МБОУ Желтуринская ООШ'),
(46, 'МБОУ Зарубинская ООШ'),
(47, 'МБОУ Нижне-Ичетуйская НОШ'),
(48, 'МБОУ Нижне-Бургалтайская СОШ'),
(49, 'МБОУ Нижне-Торейская СОШ'),
(50, 'МБОУ Оерская СОШ'),
(51, 'МАОУ Петропавловская СОШ № 1'),
(52, 'МБОУ Цагатуйская СОШ имени Н.С.Сосорова'),
(53, 'МБОУ Цаган-Усунская ООШ'),
(54, 'МАОУ Петропавловская районная гимназия'),
(55, 'МБОУ Ульдургинская СОШ имени Ц.Номтоева'),
(56, 'МБОУ Тужинкинская СОШ'),
(57, 'МБОУ Усть-Эгитуйская СОШ'),
(58, 'МБОУ Попереченская ООШ'),
(59, 'МБОУ Можайская СОШ'),
(60, 'МБОУ Комсомольская СОШ'),
(61, 'МБОУ Сосново-Озерская СОШ'),
(62, 'МБОУ Сосново-Озёрская СОШ №2'),
(63, 'МБОУ Тулдунская СОШ'),
(64, 'МБОУ Озёрная СОШ'),
(65, 'МБОУ Гундинская СОШ'),
(66, 'МАОУ Исингинская СОШ'),
(67, 'МАОУ Телембинская СОШ'),
(68, 'МБОУ Целинная СОШ'),
(69, 'МБОУ Онохойская СОШ №1'),
(70, 'МБОУ Онохойская СОШ №2'),
(71, 'МБОУ Заиграевская СОШ'),
(72, 'МБОУ Ново-Онохойская ООШ'),
(73, 'МБОУ Шпалозаводская СОШ'),
(74, 'МБОУ Илькинская СОШ'),
(75, 'МБОУ Шабурская СОШ'),
(76, 'МБОУ Челутаевская СОШ №1'),
(77, 'МБОУ Старобрянская СОШ'),
(78, 'МБОУ Ключевская СОШ'),
(79, 'МБОУ Ташеланская средняя общеобразовательная школа-интернат'),
(80, 'МБОУ Ново-Горхонская СОШ'),
(81, 'МБОУ Унэгэтэйская СОШ'),
(82, 'МБОУ Ацагатская средняя общеобразовательная школа-интернат'),
(83, 'МБОУ Эрхирикская СОШ'),
(84, 'МБОУ Первомаевская СОШ'),
(85, 'МБОУ Талецкая СОШ'),
(86, 'МБОУ Челутаевская ООШ №2'),
(87, 'МБОУ Октябрьская ООШ'),
(88, 'МБОУ Усть-Брянская ООШ'),
(89, 'МБОУ Старо-Курбинская ООШ'),
(90, 'МБОУ Старо-Онохойская ООШ'),
(91, 'МБОУ Ново-Курбинская ООШ'),
(92, 'МБОУ Горхонская средняя общеобразовательная школа № 73'),
(93, 'МБОУ Новобрянская средняя общеобразовательная школа'),
(94, 'МАОУ Баянгольская СОШ'),
(95, 'МАОУ Дабатуйская СОШ'),
(96, 'МАОУ Дутулурская СОШ'),
(97, 'МАОУ Енгорбойская СОШ'),
(98, 'МАОУ Ехэ-цакирская СОШ'),
(99, 'МАОУ Закаменская СОШ №1'),
(100, 'МАОУ Михайловская СОШ'),
(101, 'МАОУ Нуртинская СОШ'),
(102, 'МАОУ Санагинская СОШ'),
(103, 'МАОУ СОШ №5 г.Закаменск'),
(104, 'МАОУ Улентуйская СОШ'),
(105, 'МАОУ Утатуйская СОШ'),
(106, 'МАОУ Хамнейская СОШ'),
(107, 'МАОУ Хужирская СОШ'),
(108, 'МАОУ Хуртагинская СОШ'),
(109, 'МАОУ Цаган-Моринская СОШ'),
(110, 'МАОУ Цакирская СОШ'),
(111, 'МБОУ Бортойская СОШ'),
(112, 'МБОУ Вечерняя СОШ'),
(113, 'МБОУ Мылинская СОШ'),
(114, 'МБОУ Усть-Бургалтайская СОШ'),
(115, 'МБОУ Харацайская СОШ'),
(116, 'МБОУ Холтосонская СОШ'),
(117, 'МБОУ Шара-Азаргинская СОШ'),
(118, 'МАОУ Бургуйская СОШ'),
(119, 'МБОУ СОШ № 4'),
(120, 'МБОУ Улекчинская СОШ'),
(121, 'МАОУ Иволгинская СОШ'),
(122, 'МОУ Тапхарская СОШ'),
(123, 'МОУ Верхне-Иволгинская СОШ'),
(124, 'МОУ Каленовская СОШ'),
(125, 'МОУ Краснояровская ООШ'),
(126, 'МОУ Колобковская оОШ'),
(127, 'МОУ Ганзуринская СОШ'),
(128, 'МОУ Гурульбинская СОШ'),
(129, 'МОУ Сужинская СОШ'),
(130, 'МОУ Оронгойская СОШ имени Н.Г. Балдано'),
(131, 'Гильбиринская СОШ'),
(132, 'МОУ Кибалинская ООШ'),
(133, 'МАОУ Сотниковская СОШ'),
(134, 'МОУ Нижне-Иволгинская средняя общеобразовательная школа'),
(135, 'МАОУ Большереченская СОШ'),
(136, 'МБОУ Брянская СОШ'),
(137, 'МАОУ Байкало-Кударинская СОШ'),
(138, 'МАОУ Кабанская СОШ'),
(139, 'МАОУ Каменский Лицей имени Кожевина В.Е.'),
(140, 'МАОУ Каменская СОШ №2'),
(141, 'МБОУ Клюевская СОШ'),
(142, 'МАОУ Красно-Ярская СОШ'),
(143, 'МАОУ Колесовская СОШ'),
(144, 'МАОУ Мысовская СОШ №56'),
(145, 'МАОУ Выдринская СОШ'),
(146, 'МАОУ Нюкская ООШ имени Героя Советского Союза Котова И.М.'),
(147, 'МАОУ Оймурская СОШ'),
(148, 'МАОУ Степнодворецкая ООШ'),
(149, 'МАОУ Сухинская СОШ'),
(150, 'МАОУ Селенгинская СОШ №1'),
(151, 'МБОУ Селенгинская СОШ №2'),
(152, 'МАОУ Селенгинская гимназия'),
(153, 'МАОУ Посольская СОШ'),
(154, 'МАОУ Шигаевская СОШ'),
(155, 'МАОУ Шергинская СОШ'),
(156, 'МБОУ Верхне-Кижингинская СОШ'),
(157, 'МБОУ Сулхаринская СОШ'),
(158, 'МБОУ Усть-Оротская СОШ'),
(159, 'МБОУ Ульзытуйская СОШ'),
(160, 'МБОУ Хуртэйский центр образования'),
(161, 'МБОУ Новокижингинская СОШ'),
(162, 'МБОУ Леоновская СОШ'),
(163, 'МБОУ Оротская СОШ'),
(164, 'МБОУ Кодунская СОШ'),
(165, 'Кижингинская СОШ им. Хоца Намсараева'),
(166, 'МБОУ Чесанская СОШ'),
(167, 'МБОУ Барагханская СОШ'),
(168, 'МБОУ Гаргинская СОШ имени Н.Г. Дамдинова'),
(169, 'МБОУ Дыренская СОШ'),
(170, 'МБОУ Курумканская СОШ №2'),
(171, 'МБОУ Майская СОШ'),
(172, 'МБОУ Могойтинская СОШ имени В.С. Анищенко'),
(173, 'МБОУ Сахулинская СОШ'),
(174, 'МБОУ Улюнханская СОШ'),
(175, 'МБОУ Элысунская ООШ'),
(176, 'МБОУ АСОШ им. А. Б. Будаина'),
(177, 'МБОУ Курумканская СОШ №1'),
(178, 'МБОУ Кяхтинская СОШ №1'),
(179, 'МБОУ Кяхтинская СОШ №2'),
(180, 'МБОУ Чикойская СОШ'),
(181, 'МБОУ Наушкинская СОШ'),
(182, 'МБОУ Усть-Кяхтинская СОШ'),
(183, 'МБОУ Большелугская СОШ'),
(184, 'МБОУ Усть-Киранская СОШ'),
(185, 'МБОУ Унгуркуйская ООШ'),
(186, 'МБОУ Тамирская СОШ'),
(187, 'МБОУ Шарагольская СОШ'),
(188, 'МБОУ Малокударинская СОШ'),
(189, 'МБОУ Алтайская СОШ'),
(190, 'МБОУ Большекударинская СОШ'),
(191, 'МБОУ Энхэ-Талинская СОШ'),
(192, 'МБОУ Кударинская СОШ'),
(193, 'МБОУ Хоронхойская СОШ'),
(194, 'МБОУ Мурочинская СОШ'),
(195, 'МБОУ Субуктуйская СОШ'),
(196, 'МБОУ Баин-Булакская ООШ'),
(197, 'МБОУ Кяхтинская СОШ №3'),
(198, 'МБОУ Кяхтинская СОШ №4'),
(199, 'МБОУ Таксимовская СОШ №1 имени А.А. Мезенцева'),
(200, 'МБОУ Таксимовская СОШ №3'),
(201, 'МБОУ Северомуйская СОШ'),
(202, 'МБОУ Усть-Муйская СОШ'),
(203, 'МБОУ Иракиндинская СОШ'),
(204, 'МБОУ Барская СОШ'),
(205, 'МБОУ Бомская СОШ'),
(206, 'МБОУ Гашейская СОШ'),
(207, 'МБОУ Галтайская СОШ'),
(208, 'МБОУ Калиновская СОШ'),
(209, 'МБОУ Кусотинская СОШ'),
(210, 'МБОУ Мухоршибирская СОШ №1'),
(211, 'МБОУ Мухоршибирская СОШ №2'),
(212, 'МБОУ Никольская СОШ'),
(213, 'МБОУ Новозаганская СОШ'),
(214, 'МБОУ Подлопатинская СОШ'),
(215, 'МАОУ Саган-Нурская СОШ'),
(216, 'МБОУ Сутайская ООШ'),
(217, 'МБОУ Тугнуйская СОШ'),
(218, 'МБОУ Хонхолойская СОШ'),
(219, 'МБОУ Хошун-Узурская СОШ'),
(220, 'МБОУ Харашибирская СОШ'),
(221, 'МБОУ Цолгинская СОШ'),
(222, 'МБОУ Шаралдайская СОШ'),
(223, 'МБОУ Саянская СОШ'),
(224, 'МБОУ Бурунгольская СОШ имени С.Г. Дугарова'),
(225, 'МАОУ Орликская СОШ'),
(226, 'МОУ Горячинская СОШ'),
(227, 'МОУ Гремячинская СОШ'),
(228, 'МОУ Кикинская ООШ'),
(229, 'МОУ Нестеровская СОШ'),
(230, 'МОУ Зырянская СОШ'),
(231, 'МОУ Турунтаевская СОШ №1'),
(232, 'МОУ Коменская СОШ'),
(233, 'МОУ Старо-Татауровская СОШ'),
(234, 'МОУ Ильинская СОШ'),
(235, 'МОУ Таловская СОШ'),
(236, 'МОУ Мостовская ООШ'),
(237, 'МОУ Ильинская санаторская ООШ'),
(238, 'МОУ Турунтаевская районная гимназия'),
(239, 'МОУ Татауровская СОШ'),
(240, 'МБОУ СОШ №1'),
(241, 'МАОУ СОШ №3'),
(242, 'МБОУ Гимназия №5 имени Л.В. Усыниной'),
(243, 'МБОУ Лицей №6'),
(244, 'МБОУ СОШ №11'),
(245, 'МБОУ Нижнеангарская СОШ №1'),
(246, 'МБОУ Байкальская СОШ'),
(247, 'МБОУ Киндигирская ООШ'),
(248, 'МБОУ Верхнезаимская СОШ'),
(249, 'МБОУ Кичерская СОШ'),
(250, 'МБОУ СОШ №36 п. Новый Уоян'),
(251, 'МБОУ Верхнеангарская СОШ'),
(252, 'МБОУ Ангоянская СОШ'),
(253, 'МБОУ Янчуканский филиал СОШ №36'),
(254, 'МБОУ СОШ №1'),
(255, 'МБОУ Гусиноозерская гимназия'),
(256, 'МБОУ Ацульская СОШ'),
(257, 'МБОУ Баратуйская ООШ'),
(258, 'МБОУ Ехэ-Цаганская СОШ'),
(259, 'МБОУ Жаргалантуйская ООШ имени Бараса Халзанова'),
(260, 'МБОУ Загустайская СОШ'),
(261, 'МБОУ Иройская СОШ'),
(262, 'МБОУ Новоселенгинская СОШ'),
(263, 'МБОУ Ноехонская СОШ имени В.Д.Ринчинова'),
(264, 'МБОУ ООШ №3 г.Гусиноозерска'),
(265, 'МБОУ СОШ №4'),
(266, 'МБОУ СОШ №5'),
(267, 'МБОУ СОШ №6'),
(268, 'МБОУ СОШ №7'),
(269, 'МБОУ Селендумская СОШ'),
(270, 'МБОУ Средне-Убукунская ООШ'),
(271, 'МБОУ Таежная ООШ'),
(272, 'МБОУ Убур-Дзокойская ООШ'),
(273, 'МБОУ СОШ №92'),
(274, 'МБОУ Харганатская СОШ имени Д.Д. Лубсанова'),
(275, 'МБОУ Большекуналейская СОШ'),
(276, 'МБОУ Верхнежиримская СОШ'),
(277, 'МБОУ Десятниковская СОШ'),
(278, 'МБОУ Пестеревская ООШ'),
(279, 'МБОУ Барыкинская ООШ'),
(280, 'МБОУ Куйтунская ООШ'),
(281, 'МБОУ Нижнежиримская ООШ'),
(282, 'МБОУ Аршанская СОШ имени П.М. Билдаева'),
(283, 'МБОУ Ахаликская ООШ'),
(284, 'МБОУ Галбайская ООШ'),
(285, 'МБОУ Горхонская СОШ'),
(286, 'МБОУ Далахайская ООШ'),
(287, 'МБОУ Жемчугская СОШ'),
(288, 'МБОУ Зун-Муринская СОШ'),
(289, 'МБОУ Кыренская СОШ'),
(290, 'МБОУ Охор-Шибирская ООШ'),
(291, 'МБОУ Мондинская СОШ'),
(292, 'МБОУ Толтойская СОШ'),
(293, 'МБОУ Тункинская СОШ'),
(294, 'МБОУ Туранская СОШ'),
(295, 'МБОУ Харбятская ООШ имени В.Б.Саганова'),
(296, 'МБОУ Хужирская ООШ'),
(297, 'МАОУ Бурятская Гимназия №29'),
(298, 'МАОУ Лингвистическая гимназия №3'),
(299, 'МАОУ Лицей № 27'),
(300, 'МАОУ ООШ №38'),
(301, 'МАОУ Прогимназия № 108'),
(302, 'МАОУ СОШ № 12'),
(303, 'МАОУ СОШ № 13'),
(304, 'МАОУ СОШ № 17'),
(305, 'МАОУ СОШ № 18'),
(306, 'МАОУ СОШ № 21'),
(307, 'МАОУ СОШ № 22'),
(308, 'МАОУ СОШ № 26'),
(309, 'МАОУ СОШ № 31'),
(310, 'МАОУ СОШ № 33'),
(311, 'МАОУ СОШ № 35'),
(312, 'МАОУ СОШ № 36'),
(313, 'МАОУ СОШ № 37'),
(314, 'МАОУ СОШ № 54'),
(315, 'МАОУ СОШ № 55'),
(316, 'МАОУ СОШ № 58'),
(317, 'МАОУ СОШ № 60'),
(318, 'МАОУ СОШ № 63'),
(319, 'МАОУ СОШ № 64'),
(320, 'МАОУ СОШ № 65'),
(321, 'МАОУ СОШ № 8'),
(322, 'МАОУ СОШ № 9'),
(323, 'МАОУ СОШ №1'),
(324, 'МАОУ СОШ №19'),
(325, 'МАОУ СОШ №2'),
(326, 'МАОУ СОШ №25'),
(327, 'МАОУ СОШ №32'),
(328, 'МАОУ СОШ №40'),
(329, 'МАОУ СОШ №41'),
(330, 'МАОУ СОШ №42'),
(331, 'МАОУ СОШ №43'),
(332, 'МАОУ СОШ №44'),
(333, 'МАОУ СОШ №46'),
(334, 'МАОУ СОШ №47'),
(335, 'МАОУ СОШ №49'),
(336, 'МАОУ СОШ №50'),
(337, 'МАОУ СОШ №52'),
(338, 'МАОУ СОШ №57'),
(339, 'МАОУ СОШ №7'),
(340, 'МАОУ СОШ Гимназия №14'),
(341, 'МАОУ Физико-математическая школа №56'),
(342, 'МБОУ \"ОСОШ №1'),
(343, 'МБОУ ВСОШ №14'),
(344, 'МБОУ ВСОШ №3'),
(345, 'МБОУ Музыкально-гуманитарный лицей им. Д. Аюшеева'),
(346, 'МБОУ ООШ № 15'),
(347, 'МБОУ ООШ № 23'),
(348, 'МБОУ Российская гимназия № 59'),
(349, 'МБОУ СОШ № 20'),
(350, 'МБОУ СОШ № 24'),
(351, 'МБОУ СОШ №48'),
(352, 'МБОУ СОШ №5'),
(353, 'МБОУ СОШ №51'),
(354, 'МАОУ Хоринская СОШ №2'),
(355, 'МБОУ Хоринская СОШ №1 им. Д. Ж. Жанаева'),
(356, 'МБОУ Удинская СОШ'),
(357, 'МБОУ Баянгольская ООШ'),
(358, 'МБОУ Хасуртайская СОШ'),
(359, 'МБОУ Тэгдинская СОШ'),
(360, 'МБОУ Тохорюктинская СОШ'),
(361, 'МБОУ Санномыская СОШ'),
(362, 'МБОУ Хандагайская ООШ'),
(363, 'МБОУ Верхне-Талецкая СОШ'),
(364, 'МБОУ Аланская СОШ'),
(365, 'МБОУ Майлинская СОШ'),
(366, 'МБОУ Зун-Хурайская ООШ'),
(367, 'МБОУ Булумская СОШ'),
(368, 'МБОУ Георгиевская СОШ');

-- --------------------------------------------------------

--
-- Структура таблицы `user`
--

CREATE TABLE `user` (
  `user_id` int(11) NOT NULL,
  `username` varchar(50) NOT NULL,
  `password_hash` varchar(255) NOT NULL,
  `password_reset_token` varchar(255) DEFAULT NULL,
  `email` varchar(255) NOT NULL,
  `status` int(11) NOT NULL
) ENGINE=InnoDB DEFAULT CHARSET=utf8;

--
-- Дамп данных таблицы `user`
--

INSERT INTO `user` (`user_id`, `username`, `password_hash`, `password_reset_token`, `email`, `status`) VALUES
(1, 'admin', '$2y$13$2fGi.Y5wjkXQ5wLLBiDB1u8gMjcIhlzH2qrw6H.kulj49fXD18Qvy', '', 'parmakbaldanov@yandex.ru', 1),
(2, 'paark', '$2y$13$szMtDzbKwwcD47vrYzcHP.5rSE20p6MFmD7zpOcs.fQIo5FLm6O1W', NULL, 'zorikto497@gmail.com', 0),
(3, 'orlov', '$2y$13$TVgOY3fHrQt8sOrfcXgZyuTq3iujutmpKg0i2KCOPlWs7bAxDCMGG', '', 'orlov@gmail.com', 0),
(8, 'kindgoose', '$2y$13$QZy70X785gNSGC7ReSo0kOklVOhqMtHzocZProtnwKgkq98yGofTO', '', 'kindgoose@gmail.com', 0),
(9, 'pal1', '$2y$13$GvioW.Iij1lub3.Vg9X2vOQ9aM/JyzDWRuLSA9V6mjdjJMyh2e6D2', '', 'munkoev@gmail.com', 0),
(10, 'idlerbob', '$2y$13$Oh8D8z/ozrOsbMDBZGNNpOhSMN3vxgh/JDiH0N/SAVwH8w8DAdqLO', '', 'idlerbob@gmail.com', 0),
(11, 'knop', '$2y$13$oYeGSZZ8LlIYvRkBgg/kdeW7MNmbmC1sGZF/pa8x/qA/njZ4VFPmq', NULL, 'knop@gmail.com', 0),
(12, 'bryanya', '$2y$13$UF9zfrEjkd71Kn2800rCU.iO9W6lBiEtsKXWeJ8LlXPWOkm7stmhe', '', 'bryanya@gmail.com', 0),
(13, 'ysirius17', '$2y$13$e10UlvNpdtn/JQ2wcDzMK.8xqthCFpdXxKULW.I5Z..4yTtm2OOBu', '', 'ysirius@gmail.com', 0),
(14, 'zenkov', '$2y$13$k9HEqRGurcgOgFwFCrrhzubIfpAz0kRvV0k/30dYDJ50WJ8RbpgUa', '', 'zenkov@gmail.com', 0),
(15, 'zubakova', '$2y$13$dY0ZLp0sVoJtvUg0enGH2OLN6ZU3NWuDKWI/1fMQN7giOvwQMaua2', '', 'zubakova@gmail.com', 0),
(16, 'lev', '$2y$13$8aUSV4h.0wyxNXYxtSMO/eY7UMZG0DENGvAlXQsKVSf.aAjNr.6Vq', NULL, 'lev@gmail.com', 0),
(17, 'kinau', '$2y$13$W4L/08HwxQQ6zI..LYOruecR49sHkH4tkJto693QezibGWCeF1CNa', '', 'kinau@gmail.com', 0),
(18, 'bella', '$2y$13$98p5lNLwxo8OItoNKhIaVeMEdejm1mElGLGNWnc8rPveHSJlEcv7q', '', 'bella@gmail.com', 0),
(19, 'arsalan', '$2y$13$XeDrbcKQkmbc1.6xBuR3vu6E4fvjid2IRm.COBeHEZLjNvlXUKzUK', '', 'arsalan@gmail.com', 0),
(20, 'bruh', '$2y$13$nkJz2aQVMoT3G4QqvVkYEuJfEJaIvJM.e/S2culA31ew7eryxs0Hm', NULL, 'bruh@gmail.com', 0),
(21, 'promise', '$2y$13$LmnZl6ysz7mzFh9wsjNnPuBDQGbTv5VAgWoc11AAVdMmSIiZwQnvS', '', 'promise@gmail.com', 0);

-- --------------------------------------------------------

--
-- Структура таблицы `user_data`
--

CREATE TABLE `user_data` (
  `user_data_id` int(11) NOT NULL,
  `user_id` int(11) NOT NULL,
  `olympiad_id` int(11) NOT NULL,
  `status` int(11) NOT NULL,
  `classroom_id` int(11) DEFAULT NULL,
  `result` int(11) DEFAULT NULL
) ENGINE=InnoDB DEFAULT CHARSET=utf8;

--
-- Дамп данных таблицы `user_data`
--

INSERT INTO `user_data` (`user_data_id`, `user_id`, `olympiad_id`, `status`, `classroom_id`, `result`) VALUES
(4, 2, 2, 0, NULL, NULL),
(5, 2, 1, 1, 1, NULL),
(6, 3, 1, 1, 4, NULL),
(7, 3, 2, -1, NULL, NULL),
(8, 3, 8, 0, NULL, NULL),
(9, 8, 2, -1, NULL, NULL),
(10, 9, 1, 1, 1, NULL),
(11, 9, 2, -1, NULL, NULL),
(12, 9, 8, -1, NULL, NULL),
(13, 10, 1, 1, 4, NULL),
(14, 10, 8, -1, NULL, NULL),
(15, 11, 2, -1, NULL, NULL),
(16, 12, 1, 1, 1, NULL),
(17, 12, 2, -1, NULL, NULL),
(18, 12, 8, -1, NULL, NULL),
(19, 13, 1, 1, 4, NULL),
(20, 13, 2, -1, NULL, NULL),
(21, 13, 8, -1, NULL, NULL),
(22, 14, 2, -1, NULL, NULL),
(24, 15, 8, -1, NULL, NULL),
(25, 15, 2, -1, NULL, NULL),
(26, 16, 1, 1, 1, NULL),
(27, 17, 1, 1, 4, NULL),
(28, 17, 2, -1, NULL, NULL),
(29, 17, 8, -1, NULL, NULL),
(30, 18, 1, 1, 1, NULL),
(31, 19, 8, -1, NULL, NULL),
(32, 20, 1, 1, 4, NULL),
(34, 21, 8, 1, NULL, NULL);

--
-- Индексы сохранённых таблиц
--

--
-- Индексы таблицы `address`
--
ALTER TABLE `address`
  ADD PRIMARY KEY (`address_id`);

--
-- Индексы таблицы `classroom`
--
ALTER TABLE `classroom`
  ADD PRIMARY KEY (`classroom_id`);

--
-- Индексы таблицы `olympiad`
--
ALTER TABLE `olympiad`
  ADD PRIMARY KEY (`olympiad_id`);

--
-- Индексы таблицы `olympiad_classroom`
--
ALTER TABLE `olympiad_classroom`
  ADD PRIMARY KEY (`olympiad_classroom_id`);

--
-- Индексы таблицы `personal_data`
--
ALTER TABLE `personal_data`
  ADD PRIMARY KEY (`personal_data_id`);

--
-- Индексы таблицы `school`
--
ALTER TABLE `school`
  ADD PRIMARY KEY (`school_id`);

--
-- Индексы таблицы `user`
--
ALTER TABLE `user`
  ADD PRIMARY KEY (`user_id`);

--
-- Индексы таблицы `user_data`
--
ALTER TABLE `user_data`
  ADD PRIMARY KEY (`user_data_id`);

--
-- AUTO_INCREMENT для сохранённых таблиц
--

--
-- AUTO_INCREMENT для таблицы `address`
--
ALTER TABLE `address`
  MODIFY `address_id` int(11) NOT NULL AUTO_INCREMENT, AUTO_INCREMENT=24;

--
-- AUTO_INCREMENT для таблицы `classroom`
--
ALTER TABLE `classroom`
  MODIFY `classroom_id` int(11) NOT NULL AUTO_INCREMENT, AUTO_INCREMENT=10;

--
-- AUTO_INCREMENT для таблицы `olympiad`
--
ALTER TABLE `olympiad`
  MODIFY `olympiad_id` int(11) NOT NULL AUTO_INCREMENT, AUTO_INCREMENT=32;

--
-- AUTO_INCREMENT для таблицы `olympiad_classroom`
--
ALTER TABLE `olympiad_classroom`
  MODIFY `olympiad_classroom_id` int(11) NOT NULL AUTO_INCREMENT, AUTO_INCREMENT=82;

--
-- AUTO_INCREMENT для таблицы `personal_data`
--
ALTER TABLE `personal_data`
  MODIFY `personal_data_id` int(11) NOT NULL AUTO_INCREMENT, AUTO_INCREMENT=25;

--
-- AUTO_INCREMENT для таблицы `school`
--
ALTER TABLE `school`
  MODIFY `school_id` int(11) NOT NULL AUTO_INCREMENT, AUTO_INCREMENT=369;

--
-- AUTO_INCREMENT для таблицы `user`
--
ALTER TABLE `user`
  MODIFY `user_id` int(11) NOT NULL AUTO_INCREMENT, AUTO_INCREMENT=24;

--
-- AUTO_INCREMENT для таблицы `user_data`
--
ALTER TABLE `user_data`
  MODIFY `user_data_id` int(11) NOT NULL AUTO_INCREMENT, AUTO_INCREMENT=38;
COMMIT;

/*!40101 SET CHARACTER_SET_CLIENT=@OLD_CHARACTER_SET_CLIENT */;
/*!40101 SET CHARACTER_SET_RESULTS=@OLD_CHARACTER_SET_RESULTS */;
/*!40101 SET COLLATION_CONNECTION=@OLD_COLLATION_CONNECTION */;
